date,new_cases
Jan-2020,9896
Feb-2020,75479
Mar-2020,717940
Apr-2020,2309145
May-2020,2839957
Jun-2020,4256220
Jul-2020,6973246
Aug-2020,8282755
Sep-2020,8688220
Oct-2020,12384506
Nov-2020,17068540
Dec-2020,19060854
Jan-2021,19753148
Feb-2021,11087767
Mar-2021,14374222
Apr-2021,22012725
May-2021,20219994
Jun-2021,11431524
